-- phpMyAdmin SQL Dump
-- version 4.7.4
-- https://www.phpmyadmin.net/
--
-- Host: 127.0.0.1
-- Generation Time: May 30, 2018 at 08:36 AM
-- Server version: 10.1.30-MariaDB
-- PHP Version: 7.2.1

SET SQL_MODE = "NO_AUTO_VALUE_ON_ZERO";
SET AUTOCOMMIT = 0;
START TRANSACTION;
SET time_zone = "+00:00";


/*!40101 SET @OLD_CHARACTER_SET_CLIENT=@@CHARACTER_SET_CLIENT */;
/*!40101 SET @OLD_CHARACTER_SET_RESULTS=@@CHARACTER_SET_RESULTS */;
/*!40101 SET @OLD_COLLATION_CONNECTION=@@COLLATION_CONNECTION */;
/*!40101 SET NAMES utf8mb4 */;

--
-- Database: `db_mahardhika`
--

-- --------------------------------------------------------

--
-- Table structure for table `about_us`
--

CREATE TABLE `about_us` (
  `id` int(11) NOT NULL,
  `title` varchar(100) NOT NULL,
  `desc` text NOT NULL,
  `created_date` timestamp NOT NULL DEFAULT CURRENT_TIMESTAMP,
  `updated_date` timestamp NOT NULL DEFAULT '0000-00-00 00:00:00' ON UPDATE CURRENT_TIMESTAMP
) ENGINE=InnoDB DEFAULT CHARSET=latin1;

--
-- Dumping data for table `about_us`
--

INSERT INTO `about_us` (`id`, `title`, `desc`, `created_date`, `updated_date`) VALUES
(1, 'Tentang Kami', '<p><strong>MAHARDHIKA TRASNPORT BATAM </strong>adalah badan usaha yang melayani transportasi ternama di batam yang menyediakan jasa <strong>penyewaan kendaraan untuk korporasi, transportasi logistik, serta layanan pengemudi</strong><strong>.</strong></p>\r\n<p><strong>MAHARDHIKA TRASNPORT BATAM</strong> di dirikan Sejak tahun 2016 dan telah di percaya sebagai jasa transportasi terbaik di batam dengan kondisi armada yang terawat.</p>\r\n<p>Selain itu Mahardhika transport batam juga menyediakan jasa Sopir yang provisional  yang matang dan menguasai seluk beluk lokasi di Batam. Publik mempercayai layanan kami sebagai transportasi pilihan.</p>\r\n<p><strong>MAHARDHIKA TRASNPORT BATAM</strong> adalah Solusi yang tepat yang akan membantu pelanggan setia kami meningkatkan efisiensi transportasi perjalanan maupun bisnis, serta membuat mereka mampu berkonsentari pada bisnis ataupun wisata.</p>\r\n<p><strong>KEPUASAN PELANGGAN ADALAH PRIORITAS KAMI. </strong></p>', '2018-05-30 06:17:04', '2018-05-30 06:26:14');

-- --------------------------------------------------------

--
-- Table structure for table `attempts_admin`
--

CREATE TABLE `attempts_admin` (
  `idATTEMPTS` int(11) NOT NULL,
  `idADMIN` int(4) NOT NULL,
  `timeATTEMPTS` varchar(30) NOT NULL
) ENGINE=InnoDB DEFAULT CHARSET=latin1;

--
-- Dumping data for table `attempts_admin`
--

INSERT INTO `attempts_admin` (`idATTEMPTS`, `idADMIN`, `timeATTEMPTS`) VALUES
(1, 1, '1526607420'),
(2, 1, '1526607483');

-- --------------------------------------------------------

--
-- Table structure for table `contact_us`
--

CREATE TABLE `contact_us` (
  `id` int(11) NOT NULL,
  `name` varchar(100) NOT NULL,
  `email` varchar(120) NOT NULL,
  `subject` varchar(150) NOT NULL,
  `desc` text NOT NULL,
  `created_date` timestamp NOT NULL DEFAULT CURRENT_TIMESTAMP,
  `updated_date` timestamp NOT NULL DEFAULT '0000-00-00 00:00:00' ON UPDATE CURRENT_TIMESTAMP
) ENGINE=InnoDB DEFAULT CHARSET=latin1;

-- --------------------------------------------------------

--
-- Table structure for table `mahardhika_sessions`
--

CREATE TABLE `mahardhika_sessions` (
  `id` varchar(128) NOT NULL,
  `ip_address` varchar(45) NOT NULL,
  `timestamp` int(10) UNSIGNED NOT NULL DEFAULT '0',
  `data` blob NOT NULL
) ENGINE=InnoDB DEFAULT CHARSET=latin1;

--
-- Dumping data for table `mahardhika_sessions`
--

INSERT INTO `mahardhika_sessions` (`id`, `ip_address`, `timestamp`, `data`) VALUES
('0omb41q7s865kt7pe5esltr7969meo4c', '::1', 1527519689, 0x5f5f63695f6c6173745f726567656e65726174657c693a313532373531393638393b456d61696c7c733a31353a2261646d696e4061646d696e2e636f6d223b696441444d494e7c733a313a2231223b4e616d657c733a31303a22537570657261646d696e223b69735f61646d696e7c733a313a2231223b6c6f67676564696e7c623a313b),
('1k4m2k4mk09g59rpg0r4gbt9np8vf331', '::1', 1527524160, 0x5f5f63695f6c6173745f726567656e65726174657c693a313532373532343033383b456d61696c7c733a31353a2261646d696e4061646d696e2e636f6d223b696441444d494e7c733a313a2231223b4e616d657c733a31303a22537570657261646d696e223b69735f61646d696e7c733a313a2231223b6c6f67676564696e7c623a313b),
('1por86daihoemed0r9cjf1888rbivous', '::1', 1526608258, 0x5f5f63695f6c6173745f726567656e65726174657c693a313532363630383235383b456d61696c7c733a31353a2261646d696e4061646d696e2e636f6d223b696441444d494e7c733a313a2231223b4e616d657c733a31303a22537570657261646d696e223b69735f61646d696e7c733a313a2231223b6c6f67676564696e7c623a313b6d6573736167657c613a343a7b733a353a227469746c65223b733a383a2257656c636f6d6521223b733a343a2274657874223b733a33393a2248616c6c6f2c2053656c616d617420646174616e672061646d696e4061646d696e2e636f6d2021223b733a343a2274797065223b733a373a2273756363657373223b733a383a22616464436c617373223b733a373a2276697369626c65223b7d5f5f63695f766172737c613a313a7b733a373a226d657373616765223b733a333a226f6c64223b7d),
('2jt529jl96rr0re865jud00lp3hjndmc', '::1', 1527517981, 0x5f5f63695f6c6173745f726567656e65726174657c693a313532373531373938313b456d61696c7c733a31353a2261646d696e4061646d696e2e636f6d223b696441444d494e7c733a313a2231223b4e616d657c733a31303a22537570657261646d696e223b69735f61646d696e7c733a313a2231223b6c6f67676564696e7c623a313b),
('336p6k2tilim4ak84ue9k6vga0a2giu4', '::1', 1527170702, 0x5f5f63695f6c6173745f726567656e65726174657c693a313532373137303730323b456d61696c7c733a31353a2261646d696e4061646d696e2e636f6d223b696441444d494e7c733a313a2231223b4e616d657c733a31303a22537570657261646d696e223b69735f61646d696e7c733a313a2231223b6c6f67676564696e7c623a313b),
('5ip65k29uar91ohqgu47ihm3cbjm839c', '::1', 1527522159, 0x5f5f63695f6c6173745f726567656e65726174657c693a313532373532323135393b456d61696c7c733a31353a2261646d696e4061646d696e2e636f6d223b696441444d494e7c733a313a2231223b4e616d657c733a31303a22537570657261646d696e223b69735f61646d696e7c733a313a2231223b6c6f67676564696e7c623a313b6d6573736167657c613a333a7b733a353a227469746c65223b733a383a2253756b7365732c20223b733a343a2274657874223b733a36303a22506573616e20616e64612074656c6168206b616d6920746572696d612c206b616d6920616b616e206d65726573706f6e20736563657061746e79612e223b733a343a2274797065223b733a373a2273756363657373223b7d5f5f63695f766172737c613a313a7b733a373a226d657373616765223b733a333a226e6577223b7d),
('6g2bfc71onak7d3pv5cvr95a1lkb8d2q', '::1', 1527661546, 0x5f5f63695f6c6173745f726567656e65726174657c693a313532373636313534363b456d61696c7c733a31353a2261646d696e4061646d696e2e636f6d223b696441444d494e7c733a313a2231223b4e616d657c733a31303a22537570657261646d696e223b69735f61646d696e7c733a313a2231223b6c6f67676564696e7c623a313b),
('71k3tlpug3bigst4jjb3glr9t0rcqj74', '::1', 1527170387, 0x5f5f63695f6c6173745f726567656e65726174657c693a313532373137303338373b456d61696c7c733a31353a2261646d696e4061646d696e2e636f6d223b696441444d494e7c733a313a2231223b4e616d657c733a31303a22537570657261646d696e223b69735f61646d696e7c733a313a2231223b6c6f67676564696e7c623a313b),
('74blijtoas7u6natc7u4jqh0ph96v5ot', '::1', 1526607420, 0x5f5f63695f6c6173745f726567656e65726174657c693a313532363630373432303b),
('79i50f2av3qfch42jvss7334ui96cq0k', '::1', 1527517656, 0x5f5f63695f6c6173745f726567656e65726174657c693a313532373531373635363b456d61696c7c733a31353a2261646d696e4061646d696e2e636f6d223b696441444d494e7c733a313a2231223b4e616d657c733a31303a22537570657261646d696e223b69735f61646d696e7c733a313a2231223b6c6f67676564696e7c623a313b6d6573736167657c613a333a7b733a353a227469746c65223b733a383a2253756b7365732c20223b733a343a2274657874223b733a36303a22506573616e20616e64612074656c6168206b616d6920746572696d612c206b616d6920616b616e206d65726573706f6e20736563657061746e79612e223b733a343a2274797065223b733a373a2273756363657373223b7d5f5f63695f766172737c613a313a7b733a373a226d657373616765223b733a333a226f6c64223b7d),
('8c7814e07fk4j6g14c6m0v5qnbgh22om', '::1', 1527661912, 0x5f5f63695f6c6173745f726567656e65726174657c693a313532373636313931323b456d61696c7c733a31353a2261646d696e4061646d696e2e636f6d223b696441444d494e7c733a313a2231223b4e616d657c733a31303a22537570657261646d696e223b69735f61646d696e7c733a313a2231223b6c6f67676564696e7c623a313b),
('8ce2er459ft763sb0sdaqpq4ejg3r5g7', '::1', 1527170081, 0x5f5f63695f6c6173745f726567656e65726174657c693a313532373137303038313b456d61696c7c733a31353a2261646d696e4061646d696e2e636f6d223b696441444d494e7c733a313a2231223b4e616d657c733a31303a22537570657261646d696e223b69735f61646d696e7c733a313a2231223b6c6f67676564696e7c623a313b),
('8oijc09rtk06d22pn4h0ehanmerm5m9t', '::1', 1527171111, 0x5f5f63695f6c6173745f726567656e65726174657c693a313532373137313131313b456d61696c7c733a31353a2261646d696e4061646d696e2e636f6d223b696441444d494e7c733a313a2231223b4e616d657c733a31303a22537570657261646d696e223b69735f61646d696e7c733a313a2231223b6c6f67676564696e7c623a313b),
('9h23qt25heaj0413iirtna24nb19kaig', '::1', 1527517348, 0x5f5f63695f6c6173745f726567656e65726174657c693a313532373531373334383b456d61696c7c733a31353a2261646d696e4061646d696e2e636f6d223b696441444d494e7c733a313a2231223b4e616d657c733a31303a22537570657261646d696e223b69735f61646d696e7c733a313a2231223b6c6f67676564696e7c623a313b),
('bfko2gi28nefu0as6bf98tcs42oa4p6l', '::1', 1527660811, 0x5f5f63695f6c6173745f726567656e65726174657c693a313532373636303831313b456d61696c7c733a31353a2261646d696e4061646d696e2e636f6d223b696441444d494e7c733a313a2231223b4e616d657c733a31303a22537570657261646d696e223b69735f61646d696e7c733a313a2231223b6c6f67676564696e7c623a313b),
('cm56kjviq0r9qpb11dndmnukkh51nmrt', '::1', 1527516929, 0x5f5f63695f6c6173745f726567656e65726174657c693a313532373531363932393b456d61696c7c733a31353a2261646d696e4061646d696e2e636f6d223b696441444d494e7c733a313a2231223b4e616d657c733a31303a22537570657261646d696e223b69735f61646d696e7c733a313a2231223b6c6f67676564696e7c623a313b),
('eiq3c966mfdh95fa3kcktgple2h869oo', '::1', 1526607068, 0x5f5f63695f6c6173745f726567656e65726174657c693a313532363630373036383b),
('ih255qtg0vte4j8rrmlpcottuphjkeff', '::1', 1527520861, 0x5f5f63695f6c6173745f726567656e65726174657c693a313532373532303835313b456d61696c7c733a31353a2261646d696e4061646d696e2e636f6d223b696441444d494e7c733a313a2231223b4e616d657c733a31303a22537570657261646d696e223b69735f61646d696e7c733a313a2231223b6c6f67676564696e7c623a313b),
('imevog7ps2t8s3oc6e4d3b38nmpce7og', '::1', 1527524038, 0x5f5f63695f6c6173745f726567656e65726174657c693a313532373532343033383b456d61696c7c733a31353a2261646d696e4061646d696e2e636f6d223b696441444d494e7c733a313a2231223b4e616d657c733a31303a22537570657261646d696e223b69735f61646d696e7c733a313a2231223b6c6f67676564696e7c623a313b),
('ipe9hvai8nffg214m04emdighckchmig', '::1', 1527518938, 0x5f5f63695f6c6173745f726567656e65726174657c693a313532373531383933383b456d61696c7c733a31353a2261646d696e4061646d696e2e636f6d223b696441444d494e7c733a313a2231223b4e616d657c733a31303a22537570657261646d696e223b69735f61646d696e7c733a313a2231223b6c6f67676564696e7c623a313b),
('it7msm3neqec4ka1h5qc3fuc4u43256v', '::1', 1527521546, 0x5f5f63695f6c6173745f726567656e65726174657c693a313532373532313534363b456d61696c7c733a31353a2261646d696e4061646d696e2e636f6d223b696441444d494e7c733a313a2231223b4e616d657c733a31303a22537570657261646d696e223b69735f61646d696e7c733a313a2231223b6c6f67676564696e7c623a313b),
('j45cctcpflk4243as0nb72ellp2gfas0', '::1', 1527520013, 0x5f5f63695f6c6173745f726567656e65726174657c693a313532373532303031333b456d61696c7c733a31353a2261646d696e4061646d696e2e636f6d223b696441444d494e7c733a313a2231223b4e616d657c733a31303a22537570657261646d696e223b69735f61646d696e7c733a313a2231223b6c6f67676564696e7c623a313b),
('kuoc235aqo8sui3r6dc73g0r8ufenbil', '::1', 1527169769, 0x5f5f63695f6c6173745f726567656e65726174657c693a313532373136393736393b456d61696c7c733a31353a2261646d696e4061646d696e2e636f6d223b696441444d494e7c733a313a2231223b4e616d657c733a31303a22537570657261646d696e223b69735f61646d696e7c733a313a2231223b6c6f67676564696e7c623a313b),
('lpe9h7oc3vsah6vp5lelnjdtk8ljd85n', '::1', 1527661150, 0x5f5f63695f6c6173745f726567656e65726174657c693a313532373636313135303b456d61696c7c733a31353a2261646d696e4061646d696e2e636f6d223b696441444d494e7c733a313a2231223b4e616d657c733a31303a22537570657261646d696e223b69735f61646d696e7c733a313a2231223b6c6f67676564696e7c623a313b),
('midgd3hovma18lf2ehqkptiprui8ogep', '::1', 1526607923, 0x5f5f63695f6c6173745f726567656e65726174657c693a313532363630373932333b),
('qhiboes3tfoii27pp4rrbnhiuub4uhui', '::1', 1527660331, 0x5f5f63695f6c6173745f726567656e65726174657c693a313532373636303333313b456d61696c7c733a31353a2261646d696e4061646d696e2e636f6d223b696441444d494e7c733a313a2231223b4e616d657c733a31303a22537570657261646d696e223b69735f61646d696e7c733a313a2231223b6c6f67676564696e7c623a313b),
('rh84cqolutoqnf33bd41k7rri2bn9h1j', '::1', 1527519369, 0x5f5f63695f6c6173745f726567656e65726174657c693a313532373531393336393b456d61696c7c733a31353a2261646d696e4061646d696e2e636f6d223b696441444d494e7c733a313a2231223b4e616d657c733a31303a22537570657261646d696e223b69735f61646d696e7c733a313a2231223b6c6f67676564696e7c623a313b),
('s3nh26q8mvdndlrlmlbaipbp8n6bcaat', '::1', 1526629650, 0x5f5f63695f6c6173745f726567656e65726174657c693a313532363632393632383b),
('sg5ebul10ee0ho7tm11qu1k2f0pbsvkl', '::1', 1527169327, 0x5f5f63695f6c6173745f726567656e65726174657c693a313532373136393332373b),
('tb9nvvuc926otmteahvqsefvf39ajlql', '::1', 1527171539, 0x5f5f63695f6c6173745f726567656e65726174657c693a313532373137313533393b456d61696c7c733a31353a2261646d696e4061646d696e2e636f6d223b696441444d494e7c733a313a2231223b4e616d657c733a31303a22537570657261646d696e223b69735f61646d696e7c733a313a2231223b6c6f67676564696e7c623a313b),
('ue6s3hj8s5nh5p7jllerogcqur1rgcur', '::1', 1527662104, 0x5f5f63695f6c6173745f726567656e65726174657c693a313532373636313931323b456d61696c7c733a31353a2261646d696e4061646d696e2e636f6d223b696441444d494e7c733a313a2231223b4e616d657c733a31303a22537570657261646d696e223b69735f61646d696e7c733a313a2231223b6c6f67676564696e7c623a313b),
('umcpuu5er4cj24i6e25fldc6ufrit7sf', '::1', 1527521849, 0x5f5f63695f6c6173745f726567656e65726174657c693a313532373532313834393b456d61696c7c733a31353a2261646d696e4061646d696e2e636f6d223b696441444d494e7c733a313a2231223b4e616d657c733a31303a22537570657261646d696e223b69735f61646d696e7c733a313a2231223b6c6f67676564696e7c623a313b6d6573736167657c613a333a7b733a353a227469746c65223b733a383a2253756b7365732c20223b733a343a2274657874223b733a36303a22506573616e20616e64612074656c6168206b616d6920746572696d612c206b616d6920616b616e206d65726573706f6e20736563657061746e79612e223b733a343a2274797065223b733a373a2273756363657373223b7d5f5f63695f766172737c613a313a7b733a373a226d657373616765223b733a333a226e6577223b7d),
('uoeq1bnf4j13sh2kek12b83bsjcu4q9p', '::1', 1527518339, 0x5f5f63695f6c6173745f726567656e65726174657c693a313532373531383333393b456d61696c7c733a31353a2261646d696e4061646d696e2e636f6d223b696441444d494e7c733a313a2231223b4e616d657c733a31303a22537570657261646d696e223b69735f61646d696e7c733a313a2231223b6c6f67676564696e7c623a313b),
('v01o9op3p52e2f8unf65nk9p29v6nt4j', '::1', 1527523732, 0x5f5f63695f6c6173745f726567656e65726174657c693a313532373532333733323b456d61696c7c733a31353a2261646d696e4061646d696e2e636f6d223b696441444d494e7c733a313a2231223b4e616d657c733a31303a22537570657261646d696e223b69735f61646d696e7c733a313a2231223b6c6f67676564696e7c623a313b),
('v4a6s43efrf63dg640bgsb3kccb0tis7', '::1', 1527514768, 0x5f5f63695f6c6173745f726567656e65726174657c693a313532373531343736383b),
('vr7kopdm91b2a5pco8mgo2ti0uprimqg', '::1', 1527523425, 0x5f5f63695f6c6173745f726567656e65726174657c693a313532373532333432353b456d61696c7c733a31353a2261646d696e4061646d696e2e636f6d223b696441444d494e7c733a313a2231223b4e616d657c733a31303a22537570657261646d696e223b69735f61646d696e7c733a313a2231223b6c6f67676564696e7c623a313b6d6573736167657c613a333a7b733a353a227469746c65223b733a383a2253756b7365732c20223b733a343a2274657874223b733a36303a22506573616e20616e64612074656c6168206b616d6920746572696d612c206b616d6920616b616e206d65726573706f6e20736563657061746e79612e223b733a343a2274797065223b733a373a2273756363657373223b7d5f5f63695f766172737c613a313a7b733a373a226d657373616765223b733a333a226f6c64223b7d);

-- --------------------------------------------------------

--
-- Table structure for table `menus_admin`
--

CREATE TABLE `menus_admin` (
  `idMENU` int(11) NOT NULL,
  `namaMENU` varchar(45) NOT NULL,
  `iconMENU` varchar(45) NOT NULL,
  `functionMENU` varchar(45) NOT NULL,
  `parentMENU` int(11) NOT NULL DEFAULT '0',
  `statusMENU` int(11) NOT NULL DEFAULT '1',
  `createdateMENU` timestamp NOT NULL DEFAULT CURRENT_TIMESTAMP
) ENGINE=InnoDB DEFAULT CHARSET=utf8;

--
-- Dumping data for table `menus_admin`
--

INSERT INTO `menus_admin` (`idMENU`, `namaMENU`, `iconMENU`, `functionMENU`, `parentMENU`, `statusMENU`, `createdateMENU`) VALUES
(1, 'Dashboard', 'dashboard', 'dashboard', 0, 1, '2018-01-03 12:47:51'),
(3, 'Beranda', 'dashboard', 'index_dashboard', 1, 1, '2018-01-03 12:48:01'),
(6, 'User Admin', 'supervisor_account', 'user', 0, 1, '2017-12-17 01:38:33'),
(7, 'Daftar Admin', 'supervisor_account', 'index_user_admin', 6, 1, '2017-12-17 01:38:34'),
(8, 'Menu', 'loyalty', 'menu_admin', 0, 1, '2017-12-17 02:02:37'),
(9, 'Daftar Menu', 'loyalty', 'index_menu', 8, 1, '2017-12-17 02:02:47'),
(29, 'Tentang Kami', 'account_box', 'about_us', 0, 1, '2018-05-24 13:44:07'),
(30, 'Daftar Tentang Kami', 'account_box', 'index_about', 29, 1, '2018-05-24 13:44:25'),
(31, 'Kontak Kami', 'contact_phone', 'contact', 0, 1, '2018-05-28 13:39:57'),
(32, 'Daftar Kontak', 'contact_phone', 'index_contact', 31, 1, '2018-05-28 13:40:21');

-- --------------------------------------------------------

--
-- Table structure for table `menus_admin_join_users_admin`
--

CREATE TABLE `menus_admin_join_users_admin` (
  `idMENUSJOINADMIN` int(11) NOT NULL,
  `idADMIN` int(11) NOT NULL,
  `idMENU` int(11) NOT NULL
) ENGINE=InnoDB DEFAULT CHARSET=latin1;

--
-- Dumping data for table `menus_admin_join_users_admin`
--

INSERT INTO `menus_admin_join_users_admin` (`idMENUSJOINADMIN`, `idADMIN`, `idMENU`) VALUES
(1, 1, 1),
(2, 1, 3),
(5, 1, 6),
(6, 1, 7),
(7, 1, 8),
(8, 1, 9),
(28, 1, 29),
(29, 1, 30),
(30, 1, 31),
(31, 1, 32);

-- --------------------------------------------------------

--
-- Table structure for table `sliders`
--

CREATE TABLE `sliders` (
  `id` int(11) NOT NULL,
  `title1` varchar(70) NOT NULL,
  `title2` varchar(60) NOT NULL,
  `title3` varchar(120) NOT NULL,
  `created_date` timestamp NOT NULL DEFAULT CURRENT_TIMESTAMP,
  `updated_date` timestamp NOT NULL DEFAULT '0000-00-00 00:00:00' ON UPDATE CURRENT_TIMESTAMP
) ENGINE=InnoDB DEFAULT CHARSET=latin1;

-- --------------------------------------------------------

--
-- Table structure for table `users_admin`
--

CREATE TABLE `users_admin` (
  `idADMIN` int(11) NOT NULL,
  `nameADMIN` varchar(80) NOT NULL,
  `emailADMIN` varchar(40) NOT NULL,
  `passwordADMIN` varchar(129) NOT NULL,
  `createdateADMIN` timestamp NOT NULL DEFAULT CURRENT_TIMESTAMP,
  `lastloginADMIN` datetime NOT NULL,
  `statusADMIN` int(1) NOT NULL,
  `is_adminADMIN` int(1) NOT NULL COMMENT '1 = Admin 2 = Not admin'
) ENGINE=InnoDB DEFAULT CHARSET=latin1;

--
-- Dumping data for table `users_admin`
--

INSERT INTO `users_admin` (`idADMIN`, `nameADMIN`, `emailADMIN`, `passwordADMIN`, `createdateADMIN`, `lastloginADMIN`, `statusADMIN`, `is_adminADMIN`) VALUES
(1, 'Superadmin', 'admin@admin.com', 'b86b3f108d3fa081ca50e2d1256d44e638e6b5506e79dd169498c9eedd658169d68b3756c06da55ed6db64f018c59b3275cb8f986a52124792dc07489f7a9aa7', '2018-01-03 12:50:28', '2018-05-30 12:52:37', 1, 1);

--
-- Indexes for dumped tables
--

--
-- Indexes for table `about_us`
--
ALTER TABLE `about_us`
  ADD PRIMARY KEY (`id`);

--
-- Indexes for table `attempts_admin`
--
ALTER TABLE `attempts_admin`
  ADD PRIMARY KEY (`idATTEMPTS`);

--
-- Indexes for table `contact_us`
--
ALTER TABLE `contact_us`
  ADD PRIMARY KEY (`id`);

--
-- Indexes for table `mahardhika_sessions`
--
ALTER TABLE `mahardhika_sessions`
  ADD PRIMARY KEY (`id`,`ip_address`),
  ADD KEY `ci_sessions_timestamp` (`timestamp`);

--
-- Indexes for table `menus_admin`
--
ALTER TABLE `menus_admin`
  ADD PRIMARY KEY (`idMENU`);

--
-- Indexes for table `menus_admin_join_users_admin`
--
ALTER TABLE `menus_admin_join_users_admin`
  ADD PRIMARY KEY (`idMENUSJOINADMIN`);

--
-- Indexes for table `sliders`
--
ALTER TABLE `sliders`
  ADD PRIMARY KEY (`id`);

--
-- Indexes for table `users_admin`
--
ALTER TABLE `users_admin`
  ADD PRIMARY KEY (`idADMIN`);

--
-- AUTO_INCREMENT for dumped tables
--

--
-- AUTO_INCREMENT for table `about_us`
--
ALTER TABLE `about_us`
  MODIFY `id` int(11) NOT NULL AUTO_INCREMENT, AUTO_INCREMENT=5;

--
-- AUTO_INCREMENT for table `attempts_admin`
--
ALTER TABLE `attempts_admin`
  MODIFY `idATTEMPTS` int(11) NOT NULL AUTO_INCREMENT, AUTO_INCREMENT=3;

--
-- AUTO_INCREMENT for table `contact_us`
--
ALTER TABLE `contact_us`
  MODIFY `id` int(11) NOT NULL AUTO_INCREMENT;

--
-- AUTO_INCREMENT for table `menus_admin`
--
ALTER TABLE `menus_admin`
  MODIFY `idMENU` int(11) NOT NULL AUTO_INCREMENT, AUTO_INCREMENT=33;

--
-- AUTO_INCREMENT for table `menus_admin_join_users_admin`
--
ALTER TABLE `menus_admin_join_users_admin`
  MODIFY `idMENUSJOINADMIN` int(11) NOT NULL AUTO_INCREMENT, AUTO_INCREMENT=32;

--
-- AUTO_INCREMENT for table `sliders`
--
ALTER TABLE `sliders`
  MODIFY `id` int(11) NOT NULL AUTO_INCREMENT;

--
-- AUTO_INCREMENT for table `users_admin`
--
ALTER TABLE `users_admin`
  MODIFY `idADMIN` int(11) NOT NULL AUTO_INCREMENT, AUTO_INCREMENT=2;
COMMIT;

/*!40101 SET CHARACTER_SET_CLIENT=@OLD_CHARACTER_SET_CLIENT */;
/*!40101 SET CHARACTER_SET_RESULTS=@OLD_CHARACTER_SET_RESULTS */;
/*!40101 SET COLLATION_CONNECTION=@OLD_COLLATION_CONNECTION */;
